<Objs Version="1.1.0.1" xmlns="http://schemas.microsoft.com/powershell/2004/04">
  <Obj RefId="0">
    <TN RefId="0">
      <T>System.Management.Automation.PSCustomObject</T>
      <T>System.Object</T>
    </TN>
    <MS>
      <I32 N="EventParserWindowLen">3</I32>
      <I32 N="EventParserMaxEvents">500</I32>
      <I32 N="TracingDefaultDuration">300</I32>
      <S N="AppInsightsInstrumentationKey">9561b95d-d813-42d5-98a0-3177b3290094</S>
      <Obj N="DiskSpdSettings" RefId="1">
        <TN RefId="1">
          <T>System.Management.Automation.PSCustomObject</T>
          <T>System.Object</T>
        </TN>
        <MS>
          <S N="datfilepath">_diskSpd_test</S>
          <S N="datfilename">testfile.dat</S>
          <S N="datfilesize">1024M</S>
          <S N="ignore_drives">a:\,b:\</S>
          <I32 N="duration">90</I32>
          <I32 N="warmup">30</I32>
          <I32 N="write_ratio">100</I32>
          <S N="IOType">r</S>
          <B N="enableOSDiskAnalysis">true</B>
          <B N="enableTempDiskAnalysis">false</B>
          <B N="enableDataDiskAnalysis">true</B>
          <Obj N="data_sessions" RefId="2">
            <TN RefId="2">
              <T>System.Object[]</T>
              <T>System.Array</T>
              <T>System.Object</T>
            </TN>
            <LST>
              <Obj RefId="3">
                <TNRef RefId="1" />
                <MS>
                  <S N="title">IOPS</S>
                  <Obj N="queue_depth" RefId="4">
                    <TNRef RefId="2" />
                    <LST>
                      <I32>64</I32>
                      <I32>64</I32>
                      <I32>64</I32>
                    </LST>
                  </Obj>
                  <I32 N="write_ratio">100</I32>
                  <S N="block_size">8k</S>
                </MS>
              </Obj>
              <Obj RefId="5">
                <TNRef RefId="1" />
                <MS>
                  <S N="title">MBPS</S>
                  <Obj N="queue_depth" RefId="6">
                    <TNRef RefId="2" />
                    <LST>
                      <I32>64</I32>
                      <I32>64</I32>
                      <I32>64</I32>
                    </LST>
                  </Obj>
                  <I32 N="write_ratio">100</I32>
                  <S N="block_size">512k</S>
                </MS>
              </Obj>
            </LST>
          </Obj>
          <Obj N="os_sessions" RefId="7">
            <TNRef RefId="2" />
            <LST>
              <Obj RefId="8">
                <TNRef RefId="1" />
                <MS>
                  <S N="title">IOPS</S>
                  <Obj N="queue_depth" RefId="9">
                    <TNRef RefId="2" />
                    <LST>
                      <I32>16</I32>
                      <I32>16</I32>
                      <I32>16</I32>
                    </LST>
                  </Obj>
                  <I32 N="write_ratio">100</I32>
                  <S N="block_size">8k</S>
                </MS>
              </Obj>
            </LST>
          </Obj>
          <Obj N="temp_sessions" RefId="10">
            <TNRef RefId="2" />
            <LST>
              <Obj RefId="11">
                <TNRef RefId="1" />
                <MS>
                  <S N="title">IOPS</S>
                  <Obj N="queue_depth" RefId="12">
                    <TNRef RefId="2" />
                    <LST>
                      <I32>16</I32>
                      <I32>16</I32>
                      <I32>16</I32>
                    </LST>
                  </Obj>
                  <I32 N="write_ratio">50</I32>
                  <S N="block_size">8k</S>
                </MS>
              </Obj>
              <Obj RefId="13">
                <TNRef RefId="1" />
                <MS>
                  <S N="title">MBPS</S>
                  <Obj N="queue_depth" RefId="14">
                    <TNRef RefId="2" />
                    <LST>
                      <I32>16</I32>
                      <I32>16</I32>
                      <I32>16</I32>
                    </LST>
                  </Obj>
                  <I32 N="write_ratio">50</I32>
                  <S N="block_size">512k</S>
                </MS>
              </Obj>
            </LST>
          </Obj>
        </MS>
      </Obj>
    </MS>
  </Obj>
</Objs>
