﻿{
  "ResourceMonitorIntervalMS": 5000,
  "Version": "1.0",
	"RuleConfigurations": [
		{
			"__type": "HighCpuRuleConfiguration:#Microsoft.Azure.Performance.Diagnostics.Rules.HighCpuRule",
			"Name": "HighCpuRule",
			"CpuPercentageLongSpinner": 5,
			"CpuPercentageThresholdAllCore": 30,
			"CpuPercentageThresholdAnyCore": 80,
			"LongSpinnerTimeoutMS": 60000
		},
		{
			"__type": "HighDiskRuleConfiguration:#Microsoft.Azure.Performance.Diagnostics.Rules.HighDiskRule",
			"Name": "HighDiskRule",
			"PhysicalDiskPercentageThresholdAnyDisk": 90,
			"PhysicalDiskIopsThresholdAnyDisk": 500,
			"PhysicalDiskThroughputKbpsThresholdAnyDisk": 102400,
			"DiskIopsPerProcessLongSpinner": 50,
			"LongSpinnerTimeoutMS": 60000
		},
		{
			"__type": "HighResolutionDiskRuleConfiguration:#Microsoft.Azure.Performance.Diagnostics.Rules.HighResolutionDiskRule",
			"Name": "HighResolutionDiskRule",
			"DetectWindowMS": 50,
			"AnalysisTimerIntervalMS": 5000
		},
		{
			"__type": "HighMemoryRuleConfiguration:#Microsoft.Azure.Performance.Diagnostics.Rules.HighMemoryRule",
			"Name": "HighMemoryRule",
			"AvailablePhysicalMemoryPercentageThreshold": 10,
			"CommitInUsePercentageThreshold": 90,
			"WorkingSetPercentageLongSpinner": 3,
			"LongSpinnerTimeoutMS": 60000,
			"TopSpinnersToReport": 10
		},
		{
			"__type": "KnowledgeBaseCheckRuleConfiguration:#Microsoft.Azure.Performance.Diagnostics.Rules.KnowledgeBaseCheckRule",
			"Name": "KnowledgeBaseCheckRule",
			"KbsRequired": [
        {
          "Id": "KB3153887",
          "OSMajorVersion": 6,
          "OSMinorVersion": 3,
          "ReferenceLinks": [
            {
              "Title": "Fine Tuning Failover Cluster Network Thresholds",
              "Link": "https://support.microsoft.com/en-us/kb/3153887"
            }
          ],
          "Finding": "We noticed that KB3153887 is not installed. Without this patch, the default cluster network thresholds would be too aggressive and cause transient operational issues with cluster functioning.",
          "Recommendation": "Please install KB3153887 to increase tolerance of brief transient network issues on failover clusters.",
          "Level": "Critical"
        },
        {
          "Id": "KB3000850",
          "OSMajorVersion": 6,
          "OSMinorVersion": 3,
          "ReferenceLinks": [
            {
              "Title": "KB3000850",
              "Link": "https://support.microsoft.com/en-us/kb/3000850"
            }
          ],
          "Finding": "We noticed that KB3000850 is not installed. It has performance and reliability improvements in clustered virtual machine mission-critical environments.",
          "Recommendation": "Please install KB3000850 to improve the performance and reliability in clustered virtual machines.",
          "Level": "Critical"
        }
			]
		},
		{
			"__type": "RuleConfiguration:#Microsoft.Azure.Performance.Diagnostics",
			"Name": "DiskConfigurationRule",
      "FindingTemplates": [
        {
          "Id": 0,
          "FindingTemplate": "The allocation unit size of volumes can be optimized.",
          "RecommendationTemplate": "For generic scenarios it is preferable to have allocation unit size of {RecommendedBlockSizeKB}KB. Doing so reduces the likelihood of file system fragmentation causing issues.",
          "Level": "Important",
          "ReferenceLinks": [
            {
              "Title": "Recommended Storage Configuration for Azure VMs",
              "Link": "https://technet.microsoft.com/en-us/library/hh831739.aspx#BKMK_AZURE"
            }
          ]
        },
        {
          "Id": 1,
          "FindingTemplate": "Volumes have unexpected Dynamic Disk RAID type.",
          "RecommendationTemplate": "Volumes should be configured with RAID type '{RecommendedRAIDType}'. Spanned disks do not improve performance.",
          "Level": "Critical",
          "ReferenceLinks": [
            {
              "Title": "How to Create Striped Volumes",
              "Link": "https://technet.microsoft.com/en-us/library/cc732422(v=ws.11).aspx"
            }
          ]
        },
        {
          "Id": 2,
          "FindingTemplate": "Volumes have unexpected RAID type.",
          "RecommendationTemplate": "Volumes should be configured with RAID type '{RecommendedRAIDType}'. Redundancy is already implemented on Azure Storage.",
          "Level": "Critical",
          "ReferenceLinks": [
            {
              "Title": "How to Create Striped Volumes",
              "Link": "https://technet.microsoft.com/en-us/library/cc732422(v=ws.11).aspx"
            }
          ]
        },
        {
          "Id": 3,
          "FindingTemplate": "Automatic clustering of storage sub systems (for newly added storage) can be optimized.",
          "RecommendationTemplate": "'AutomaticClusteringEnabled' setting should be set to '{RecommendedAutomaticClusteringEnabled}'. Azure Storage cannot be clustered natively on Azure VMs. Updating this value will only affect newly added storage. To change this value for existing disks you need to rereate the Storage Pool.",
          "Level": "Critical",
          "ReferenceLink": "https://blogs.technet.microsoft.com/keithmayer/2014/12/22/extending-sql-server-2014-alwayson-resource-groups-with-storage-spaces-on-microsoft-azure/",
          "ReferenceLinks": [
            {
              "Title": "How to Disable Automatic Clustering of Storage",
              "Link": "https://blogs.technet.microsoft.com/keithmayer/2014/12/22/extending-sql-server-2014-alwayson-resource-groups-with-storage-spaces-on-microsoft-azure/"
            }
          ]
        },
        {
          "Id": 4,
          "FindingTemplate": "Pools have more than one virtual disk.",
          "RecommendationTemplate": "Azure VMs should be created with a single virtual disk per pool for optimal performance.",
          "Level": "Critical",
          "ReferenceLinks": [
            {
              "Title": "Recommended Storage Configuration for Azure VMs",
              "Link": "https://technet.microsoft.com/en-us/library/hh831739.aspx#BKMK_AZURE"
            }
          ]
        },
        {
          "Id": 5,
          "FindingTemplate": "Number of columns defined for virtual disks do not match to count of physical disks in their pools.",
          "RecommendationTemplate": "For optimal performance, property NumberOfColumn should match the number of disks in the pool. Recreate the virtual disk using PS cmdlet: New-VirtualDisk with option NumberOfColumns.",
          "Level": "Critical",
          "ReferenceLinks": [
            {
              "Title": "Recommended Storage Configuration for Azure VMs",
              "Link": "https://technet.microsoft.com/en-us/library/hh831739.aspx#BKMK_AZURE"
            }
          ]
        },
        {
          "Id": 6,
          "FindingTemplate": "NumberOfColumn property of virtual disks can be optimized.",
          "RecommendationTemplate": "Storage Spaces Virtual Disks configured with Striping requires at least 2 disks to improve performance.",
          "Level": "Important",
          "ReferenceLinks": [
            {
              "Title": "Recommended Storage Configuration for Azure VMs",
              "Link": "https://technet.microsoft.com/en-us/library/hh831739.aspx#BKMK_AZURE"
            }
          ]
        },
        {
          "Id": 7,
          "FindingTemplate": "Virtual disks have unexpected interleave value.",
          "RecommendationTemplate": "Expected interleave values for virtual disks are: {RecommendedOlptIoLoadInterleave} (for OLTP IO load), {RecommendedDataWarehouseIoLoadInterleave} (for DataWarehouse IO Load).",
          "Level": "Critical",
          "ReferenceLinks": [
            {
              "Title": "Configuring Azure Virtual Machines for Optimal Storage Performance",
              "Link": "https://blogs.msdn.microsoft.com/mast/2014/10/14/configuring-azure-virtual-machines-for-optimal-storage-performance/"
            }
          ]
        },
        {
          "Id": 8,
          "FindingTemplate": "Virtual disks have incorrect ResiliencySettingName value for optimal performance.",
          "RecommendationTemplate": "Expected ResiliencySettingName value is: {RecommendedResiliencySettingName}. Redundancy is already implemented in Azure Storage.",
          "Level": "Critical",
          "ReferenceLinks": [
            {
              "Title": "Recommended Storage Configuration for Azure VMs",
              "Link": "https://technet.microsoft.com/en-us/library/hh831739.aspx#BKMK_AZURE"
            }
          ]
        },
        {
          "Id": 9,
          "FindingTemplate": "System event with id 157 was found. This indicates that the disk was surprisingly removed (probably due to long disk IO latency).",
          "RecommendationTemplate": "Please consider increasing the value of registry key in order to tolerate long disk IO latency. The value should be smaller than 120 for an Azure VM.",
          "Level": "Important",
          "ReferenceLinks": [
            {
              "Title": "Event ID 157 (Disk has been surprise removed.)",
              "Link": "https://blogs.msdn.microsoft.com/ntdebugging/2013/12/27/event-id-157-disk-has-been-surprise-removed/"
            }
          ]
        },
        {
          "Id": 10,
          "FindingTemplate": "IsManualAttach property of virtual disks can be optimized.",
          "RecommendationTemplate": "Virtual disks will not be automatically attached upon server restart. To prevent this behavior use PS command to set IsManualAttach to {RecommendedIsManualAttach}: Set-VirtualDisk -FriendlyName '{VirtualDiskFriendlyName}' -IsManualAttach $False",
          "Level": "Critical",
          "ReferenceLinks": [
            {
              "Title": "Using Storage Spaces on an Azure VM cluster for SQL Server Storage",
              "Link": "https://blogs.msdn.microsoft.com/dfurman/2014/04/27/using-storage-spaces-on-an-azure-vm-cluster-for-sql-server-storage/"
            }
          ]
        },
        {
          "Id": 11,
          "FindingTemplate": "Physical disks have multiple Volumes/Partitions.",
          "RecommendationTemplate": "Please consider configuring only one volume on each physical disk.",
          "Level": "Important",
          "ReferenceLinks": [
            {
              "Title": "Recommended Storage Configuration for Azure VMs",
              "Link": "https://technet.microsoft.com/en-us/library/hh831739.aspx#BKMK_AZURE"
            }
          ]
        },
        {
          "Id": 12,
          "FindingTemplate": "The allocation unit size of volumes with SQL files can be optimized.",
          "RecommendationTemplate": "Since SQL Server is running on those volumes, it is preferable to have allocation unit size of {RecommendedBlockSizeKB}KB.",
          "Level": "Critical",
          "ReferenceLinks": [
            {
              "Title": "SQL Server Best Practices",
              "Link": "https://technet.microsoft.com/en-us/library/cc966412.aspx#EEAA"
            }
          ]
        },
        {
          "Id": 13,
          "FindingTemplate": "Virtual machines (VMs) that are running Windows Server 2012 R2 may experience poor performance if the VM storage stack is in emulated mode. Additionally, you may experience a severe decrease in local resource VHD (temp disk) I/O performance.",
          "RecommendationTemplate": "Follow the instructions from the reference link to install storflt driver.",
          "Level": "Critical",
          "ReferenceLinks": [
            {
              "Title": "Poor performance for VMs that run with an emulated mode storage stack on Windows Server 2012 R2",
              "Link": "https://support.microsoft.com/en-us/help/4056345/poor-performance-for-vms-that-run-with-an-emulated-mode-storage-stack"
            }
          ]
        }
      ]
		},
    {
      "__type": "RuleConfiguration:#Microsoft.Azure.Performance.Diagnostics",
      "Name": "SqlSettingsRule",
      "FindingTemplates": [
        {
          "Id": 0,
          "FindingTemplate": "Databases are located on a physical disk containing a mixture of SQL data and log files. Placing both SQL data and log files on the same disk can cause contention resulting in poor performance.",
          "RecommendationTemplate": "Please configure SQL data and log files to be on separate disks.",
          "Level": "Critical",
          "ReferenceLinks": [
            {
              "Title": "Performance best practices for SQL Server in Azure Virtual Machines",
              "Link": "https://docs.microsoft.com/en-us/azure/virtual-machines/windows/sql/virtual-machines-windows-sql-performance"
            },
            {
              "Title": "How to move user database files",
              "Link": "https://msdn.microsoft.com/en-us/library/ms345483.aspx"
            },
            {
              "Title": "How to move system database files",
              "Link": "https://msdn.microsoft.com/en-us/library/ms345408.aspx"
            }
          ]
        },
        {
          "Id": 1,
          "FindingTemplate": "Databases have files located on OS volume.",
          "RecommendationTemplate": "Running non-OS data on OS drive can negatively impact the overall VM performance. Please move SQL data and log files to non-OS disks.",
          "Level": "Critical",
          "ReferenceLinks": [
            {
              "Title": "Performance best practices for SQL Server in Azure Virtual Machines",
              "Link": "https://docs.microsoft.com/en-us/azure/virtual-machines/windows/sql/virtual-machines-windows-sql-performance"
            },
            {
              "Title": "How to move user database files",
              "Link": "https://msdn.microsoft.com/en-us/library/ms345483.aspx"
            },
            {
              "Title": "How to move system database files",
              "Link": "https://msdn.microsoft.com/en-us/library/ms345408.aspx"
            }
          ]
        },
        {
          "Id": 2,
          "FindingTemplate": "SQL Server instance(s) are configured to use unlimited maximum server memory.",
          "RecommendationTemplate": "It is recommended to limit the value of Maximum server memory (in MB) in order to keep enough free memory for the system.",
          "Level": "Critical",
          "ReferenceLinks": [
            {
              "Title": "Recommended SQL Server Memory Settings",
              "Link": "https://docs.microsoft.com/en-us/azure/virtual-machines/windows/sql/virtual-machines-windows-sql-performance"
            }
          ]
        },
        {
          "Id": 3,
          "FindingTemplate": "SQL Server Instance(s) are running with the identical min and max server memory.",
          "RecommendationTemplate": "Please rely on dynamic memory allocation.",
          "Level": "Important",
          "ReferenceLinks": [
            {
              "Title": "Optimizing Server Performance Using Memory Configuration Options",
              "Link": "https://technet.microsoft.com/en-us/library/ms177455(v=sql.105).aspx"
            }
          ]
        },
        {
          "Id": 4,
          "FindingTemplate": "Available Memory to system (total memory minus max server memory used by all SQL Instances) is too small.",
          "RecommendationTemplate": "It is recommended to leave at least {MinUnusedMemoryMB}MB of free memory for the system.",
          "Level": "Important",
          "ReferenceLinks": [
            {
              "Title": "Optimizing Server Performance Using Memory Configuration Options",
              "Link": "https://technet.microsoft.com/en-us/library/ms177455(v=sql.105).aspx"
            }
          ]
        },
        {
          "Id": 5,
          "FindingTemplate": "The max degree of parallelism of SQL Server instances is greater than available CPU Cores Number.",
          "RecommendationTemplate": "Since machine hosting SQL Server instance has less than {MaximumLogicalProcessors} logical processors, max degree of parallelism setting should not be greater than available CPU Cores Number : {ProcessorCount}.",
          "Level": "Important",
          "ReferenceLinks": [
            {
              "Title": "Recommendations and Guidelines for Max Degree of Parallelism Configuration Option in SQL Server",
              "Link": "https://support.microsoft.com/en-us/help/2806535/RecommendationTemplates-and-guidelines-for-the-max-degree-of-parallelism-configuration-option-in-sql-server"
            }
          ]
        },
        {
          "Id": 6,
          "FindingTemplate": "The max degree of parallelism of SQL Server instances is greater than the recommended value.",
          "RecommendationTemplate": "Since machine hosting SQL Server instance has exactly {MaximumLogicalProcessors} logical processors or more, max degree of parallelism setting should not be greater than: {MaximumLogicalProcessors}.",
          "Level": "Important",
          "ReferenceLinks": [
            {
              "Title": "Recommendations and Guidelines for Max Degree of Parallelism Configuration Option in SQL Server",
              "Link": "https://support.microsoft.com/en-us/help/2806535/RecommendationTemplates-and-guidelines-for-the-max-degree-of-parallelism-configuration-option-in-sql-server"
            }
          ]
        }
      ]
    },
    {
      "__type": "RuleConfiguration:#Microsoft.Azure.Performance.Diagnostics",
      "Name": "NetworkConfigurationRule",
      "FindingTemplates": [
        {
          "Id": 0,
          "FindingTemplate": "Network throughput optimization not enabled on network adapters. A VM using Receive Side Scaling (RSS) can reach higher maximal throughput than a VM without RSS.",
          "RecommendationTemplate": "Please run PowerShell command to enable RSS. Get-NetAdapter | % {Enable-NetAdapterRss -Name $_.Name}.",
          "Level": "Critical",
          "ReferenceLinks": [
            {
              "Title": "Optimize Network Throughput for Azure Virtual Machines",
              "Link": "https://docs.microsoft.com/en-us/azure/virtual-network/virtual-network-optimize-network-bandwidth"
            }
          ]
        }
      ]
    },
		{
			"__type": "RuleConfiguration:#Microsoft.Azure.Performance.Diagnostics",
			"Name": "ClusterConfigurationRule",
					"FindingTemplates": [
            {
              "Id": 0,
              "FindingTemplate": "The current setting used for CrossSubnetThreshold is not optimal.",
              "RecommendationTemplate": "Please change the default value of CrossSubnetThreshold to '{RecommendedCrossSubnetThreshold}'.",
              "Level": "Important",
              "ReferenceLinks": [
                {
                  "Title": "Fine Tuning Failover Cluster Network Thresholds",
                  "Link": "https://support.microsoft.com/en-us/kb/3153887"
                }
              ]
            },
            {
              "Id": 1,
              "FindingTemplate": "The current setting used for SameSubnetThreshold is not optimal.",
              "RecommendationTemplate": "Please change the default value of SameSubnetThreshold to '{RecommendedSameSubnetThreshold}'.",
              "Level": "Important",
              "ReferenceLinks": [
                {
                  "Title": "Fine Tuning Failover Cluster Network Thresholds",
                  "Link": "https://support.microsoft.com/en-us/kb/3153887"
                }
              ]
            },
            {
              "Id": 2,
              "FindingTemplate": "The current setting used for RouteHistoryLength is not optimal.",
              "RecommendationTemplate": "Please change the default value of RouteHistoryLength to '{RecommendedRouteHistoryLength}'.",
              "Level": "Important",
              "ReferenceLinks": [
                {
                  "Title": "Fine Tuning Failover Cluster Network Thresholds",
                  "Link": "https://support.microsoft.com/en-us/kb/3153887"
                }
              ]
            },
            {
              "Id": 3,
              "FindingTemplate": "The current setting used for CrossSiteThreshold is not optimal.",
              "RecommendationTemplate": "Please change the default value of CrossSiteThreshold to '{RecommendedCrossSiteThreshold}'.",
              "Level": "Important",
              "ReferenceLinks": [
                {
                  "Title": "Clustering and High-Availability",
                  "Link": "https://blogs.msdn.microsoft.com/clustering/2012/11/21/tuning-failover-cluster-network-thresholds/"
                }
              ]
            }
					]
		}
	]
}