Size,CPU cores,Memory,NICs (Max),Max. Temp disk size in GB,Max. data disks,Max. IOPS,Max. Throughput,Cache size (GB),CPU speed,Number of cores,Memory Size,Temp Disk Size,full text,StorageTier,GPU cores,GPU type
Basic_A0,1,0.768,1,20,1,300,0,0,2.095,1,1,20,CPU speed:2.095 Number of cores:1 Memory Size:1 Temp Disk Size:20,Basic,,
Basic_A1,1,1.75,1,40,2,600,0,0,2.095,1,2,40,CPU speed:2.095 Number of cores:1 Memory Size:2 Temp Disk Size:40,Basic,,
Basic_A2,2,3.5,1,60,4,1200,0,0,2.095,2,3,60,CPU speed:2.095 Number of cores:2 Memory Size:3 Temp Disk Size:60,Basic,,
Basic_A3,4,7,2,120,8,2400,0,0,2.095,4,7,120,CPU speed:2.095 Number of cores:4 Memory Size:7 Temp Disk Size:120,Basic,,
Basic_A4,8,14,4,240,16,4800,0,0,2.095,8,14,240,CPU speed:2.095 Number of cores:8 Memory Size:14 Temp Disk Size:240,Basic,,
Standard_A0,1,0.768,1,20,1,500,0,0,2.095,1,1,20,CPU speed:2.095 Number of cores:1 Memory Size:1 Temp Disk Size:20,Standard,,
Standard_A1,1,1.75,1,70,2,1000,0,0,2.095,1,2,70,CPU speed:2.095 Number of cores:1 Memory Size:2 Temp Disk Size:70,Standard,,
Standard_A2,2,3.5,1,135,4,2000,0,0,2.095,2,3,135,CPU speed:2.095 Number of cores:2 Memory Size:3 Temp Disk Size:135,Standard,,
Standard_A3,4,7,2,285,8,4000,0,0,2.095,4,7,285,CPU speed:2.095 Number of cores:4 Memory Size:7 Temp Disk Size:285,Standard,,
Standard_A4,8,14,4,605,16,8000,0,0,2.095,8,14,605,CPU speed:2.095 Number of cores:8 Memory Size:14 Temp Disk Size:605,Standard,,
Standard_A5,2,14,1,135,4,2000,0,0,2.095,2,14,135,CPU speed:2.095 Number of cores:2 Memory Size:14 Temp Disk Size:135,Standard,,
Standard_A6,4,28,2,285,8,4000,0,0,2.095,4,28,285,CPU speed:2.095 Number of cores:4 Memory Size:28 Temp Disk Size:285,Standard,,
Standard_A7,8,56,4,605,16,8000,0,0,2.095,8,56,605,CPU speed:2.095 Number of cores:8 Memory Size:56 Temp Disk Size:605,Standard,,
Standard_A8,8,56,2,382,16,8000,0,0,2.594,8,56,382,CPU speed:2.594 Number of cores:8 Memory Size:56 Temp Disk Size:382,Standard,,
Standard_A9,16,112,4,382,16,8000,0,0,2.594,16,112,382,CPU speed:2.594 Number of cores:16 Memory Size:112 Temp Disk Size:382,Standard,,
Standard_A10,8,56,2,382,16,8000,0,0,2.594,8,56,382,CPU speed:2.594 Number of cores:8 Memory Size:56 Temp Disk Size:382,Standard,,
Standard_A11,16,112,4,382,16,8000,0,0,2.594,16,112,382,CPU speed:2.594 Number of cores:16 Memory Size:112 Temp Disk Size:382,Standard,,
Standard_D1,1,3.5,1,50,2,1000,0,0,2.195,1,3,50,CPU speed:2.195 Number of cores:1 Memory Size:3 Temp Disk Size:50,Standard,,
Standard_D2,2,7,2,100,4,2000,0,0,2.195,2,7,100,CPU speed:2.195 Number of cores:2 Memory Size:7 Temp Disk Size:100,Standard,,
Standard_D3,4,14,4,200,8,4000,0,0,2.195,4,14,200,CPU speed:2.195 Number of cores:4 Memory Size:14 Temp Disk Size:200,Standard,,
Standard_D4,8,28,8,400,16,8000,0,0,2.195,8,28,400,CPU speed:2.195 Number of cores:8 Memory Size:28 Temp Disk Size:400,Standard,,
Standard_D11,2,14,2,100,4,2000,0,0,2.195,2,14,100,CPU speed:2.195 Number of cores:2 Memory Size:14 Temp Disk Size:100,Standard,,
Standard_D12,4,28,4,200,8,4000,0,0,2.195,4,28,200,CPU speed:2.195 Number of cores:4 Memory Size:28 Temp Disk Size:200,Standard,,
Standard_D13,8,56,8,400,16,8000,0,0,2.195,8,56,400,CPU speed:2.195 Number of cores:8 Memory Size:56 Temp Disk Size:400,Standard,,
Standard_D14,16,112,8,800,32,16000,0,0,2.195,16,112,800,CPU speed:2.195 Number of cores:16 Memory Size:112 Temp Disk Size:800,Standard,,
Standard_D1_v2,1,3.5,1,50,2,1000,0,0,2.397,1,3,50,CPU speed:2.397 Number of cores:1 Memory Size:3 Temp Disk Size:50,Standard,,
Standard_D2_v2,2,7,2,100,4,2000,0,0,2.397,2,7,100,CPU speed:2.397 Number of cores:2 Memory Size:7 Temp Disk Size:100,Standard,,
Standard_D3_v2,4,14,4,200,8,4000,0,0,2.397,4,14,200,CPU speed:2.397 Number of cores:4 Memory Size:14 Temp Disk Size:200,Standard,,
Standard_D4_v2,8,28,8,400,16,8000,0,0,2.397,8,28,400,CPU speed:2.397 Number of cores:8 Memory Size:28 Temp Disk Size:400,Standard,,
Standard_D5_v2,16,56,8,800,32,16000,0,0,2.397,16,56,800,CPU speed:2.397 Number of cores:16 Memory Size:56 Temp Disk Size:800,Standard,,
Standard_D11_v2,2,14,2,100,4,2000,0,0,2.397,2,14,100,CPU speed:2.397 Number of cores:2 Memory Size:14 Temp Disk Size:100,Standard,,
Standard_D12_v2,4,28,4,200,8,4000,0,0,2.397,4,28,200,CPU speed:2.397 Number of cores:4 Memory Size:28 Temp Disk Size:200,Standard,,
Standard_D13_v2,8,56,8,400,16,8000,0,0,2.397,8,56,400,CPU speed:2.397 Number of cores:8 Memory Size:56 Temp Disk Size:400,Standard,,
Standard_D14_v2,16,112,8,800,32,16000,0,0,2.397,16,112,800,CPU speed:2.397 Number of cores:16 Memory Size:112 Temp Disk Size:800,Standard,,
Standard_D15_v2,20,140,10,1000,40,20000,0,0,2.397,20,140,1000,CPU speed:2.397 Number of cores:20 Memory Size:140 Temp Disk Size:1000,Standard,,
Standard_G1,2,28,1,384,4,2000,0,0,1.995,2,28,384,CPU speed:1.995 Number of cores:2 Memory Size:28 Temp Disk Size:384,Standard,,
Standard_G2,4,56,2,768,8,4000,0,0,1.995,4,56,768,CPU speed:1.995 Number of cores:4 Memory Size:56 Temp Disk Size:768,Standard,,
Standard_G3,8,112,4,1536,16,8000,0,0,1.995,8,112,1536,CPU speed:1.995 Number of cores:8 Memory Size:112 Temp Disk Size:1536,Standard,,
Standard_G4,16,224,8,3072,32,16000,0,0,1.995,16,224,3072,CPU speed:1.995 Number of cores:16 Memory Size:224 Temp Disk Size:3072,Standard,,
Standard_G5,32,448,8,6144,64,32000,0,0,1.995,32,448,6144,CPU speed:1.995 Number of cores:32 Memory Size:448 Temp Disk Size:6144,Standard,,
Standard_DS1,1,3.5,1,7,2,3200,32,43,2.195,1,3,7,CPU speed:2.195 Number of cores:1 Memory Size:3 Temp Disk Size:7,Premium,,
Standard_DS2,2,7,2,14,4,6400,64,86,2.195,2,7,14,CPU speed:2.195 Number of cores:2 Memory Size:7 Temp Disk Size:14,Premium,,
Standard_DS3,4,14,4,28,8,12800,128,172,2.195,4,14,28,CPU speed:2.195 Number of cores:4 Memory Size:14 Temp Disk Size:28,Premium,,
Standard_DS4,8,28,8,56,16,25600,256,344,2.195,8,28,56,CPU speed:2.195 Number of cores:8 Memory Size:28 Temp Disk Size:56,Premium,,
Standard_DS11,2,14,2,28,4,6400,64,72,2.195,2,14,28,CPU speed:2.195 Number of cores:2 Memory Size:14 Temp Disk Size:28,Premium,,
Standard_DS12,4,28,4,56,8,12800,128,144,2.195,4,28,56,CPU speed:2.195 Number of cores:4 Memory Size:28 Temp Disk Size:56,Premium,,
Standard_DS13,8,56,8,112,16,25600,256,288,2.195,8,56,112,CPU speed:2.195 Number of cores:8 Memory Size:56 Temp Disk Size:112,Premium,,
Standard_DS14,16,112,8,224,32,50000,512,576,2.195,16,112,224,CPU speed:2.195 Number of cores:16 Memory Size:112 Temp Disk Size:224,Premium,,
Standard_DS14,16,112,8,224,32,50000,512,576,2.195,16,112,224,CPU speed:2.195 Number of cores:16 Memory Size:112 Temp Disk Size:224,Premium,,
Standard_DS1_v2,1,3.5,1,7,2,3200,48,43,2.397,1,3,7,CPU speed:2.397 Number of cores:1 Memory Size:3 Temp Disk Size:7,Premium,,
Standard_DS2_v2,2,7,2,14,4,6400,96,86,2.397,2,7,14,CPU speed:2.397 Number of cores:2 Memory Size:7 Temp Disk Size:14,Premium,,
Standard_DS3_v2,4,14,4,28,8,12800,192,172,2.397,4,14,28,CPU speed:2.397 Number of cores:4 Memory Size:14 Temp Disk Size:28,Premium,,
Standard_DS4_v2,8,28,8,56,16,25600,384,344,2.397,8,28,56,CPU speed:2.397 Number of cores:8 Memory Size:28 Temp Disk Size:56,Premium,,
Standard_DS5_v2,16,56,8,112,32,50000,768,688,2.397,16,56,112,CPU speed:2.397 Number of cores:16 Memory Size:56 Temp Disk Size:112,Premium,,
Standard_DS11_v2,2,14,2,28,4,6400,96,72,2.397,2,14,28,CPU speed:2.397 Number of cores:2 Memory Size:14 Temp Disk Size:28,Premium,,
Standard_DS12_v2,4,28,4,56,8,12800,192,144,2.397,4,28,56,CPU speed:2.397 Number of cores:4 Memory Size:28 Temp Disk Size:56,Premium,,
Standard_DS13_v2,8,56,8,112,16,25600,384,288,2.397,8,56,112,CPU speed:2.397 Number of cores:8 Memory Size:56 Temp Disk Size:112,Premium,,
Standard_DS14_v2,16,112,8,224,32,50000,768,576,2.397,16,112,224,CPU speed:2.397 Number of cores:16 Memory Size:112 Temp Disk Size:224,Premium,,
Standard_DS15_v2,20,140,10,280,40,80000,960,720,2.397,20,140,280,CPU speed:2.397 Number of cores:20 Memory Size:140 Temp Disk Size:280,Premium,,
Standard_GS1,2,28,1,56,4,5000,125,264,1.995,2,28,56,CPU speed:1.995 Number of cores:2 Memory Size:28 Temp Disk Size:56,Premium,,
Standard_GS2,4,56,2,112,8,10000,250,528,1.995,4,56,112,CPU speed:1.995 Number of cores:4 Memory Size:56 Temp Disk Size:112,Premium,,
Standard_GS3,8,112,4,224,16,20000,500,1056,1.995,8,112,224,CPU speed:1.995 Number of cores:8 Memory Size:112 Temp Disk Size:224,Premium,,
Standard_GS4,16,224,8,448,32,40000,1000,2112,1.995,16,224,448,CPU speed:1.995 Number of cores:16 Memory Size:224 Temp Disk Size:448,Premium,,
Standard_GS5,32,448,8,896,64,80000,2000,4224,1.995,32,448,896,CPU speed:1.995 Number of cores:32 Memory Size:448 Temp Disk Size:896,Premium,,
Standard_F1,1,2,1,16,2,1000,0,0,2.397,1,2,16,CPU speed:2.397 Number of cores:1 Memory Size:2 Temp Disk Size:16,Standard,,
Standard_F2,2,4,2,32,4,2000,0,0,2.397,2,4,32,CPU speed:2.397 Number of cores:2 Memory Size:4 Temp Disk Size:32,Standard,,
Standard_F4,4,8,4,64,8,4000,0,0,2.397,4,8,64,CPU speed:2.397 Number of cores:4 Memory Size:8 Temp Disk Size:64,Standard,,
Standard_F8,8,16,8,128,16,8000,0,0,2.397,8,16,128,CPU speed:2.397 Number of cores:8 Memory Size:16 Temp Disk Size:128,Standard,,
Standard_F16,16,32,8,256,32,16000,0,0,2.397,16,32,256,CPU speed:2.397 Number of cores:16 Memory Size:32 Temp Disk Size:256,Standard,,
Standard_F1s,1,2,1,4,2,3200,48,0,2.397,1,2,4,CPU speed:2.397 Number of cores:1 Memory Size:2 Temp Disk Size:4,Premium,,
Standard_F2s,2,4,2,8,4,6400,96,0,2.397,2,4,8,CPU speed:2.397 Number of cores:2 Memory Size:4 Temp Disk Size:8,Premium,,
Standard_F4s,4,8,4,16,8,12800,192,0,2.397,4,8,16,CPU speed:2.397 Number of cores:4 Memory Size:8 Temp Disk Size:16,Premium,,
Standard_F8s,8,16,8,32,16,25600,384,0,2.397,8,16,32,CPU speed:2.397 Number of cores:8 Memory Size:16 Temp Disk Size:32,Premium,,
Standard_F16s,16,32,8,64,32,50000,768,0,2.397,16,32,64,CPU speed:2.397 Number of cores:16 Memory Size:32 Temp Disk Size:64,Premium,,
Standard_H8,8,56,2,1000,16,8000,0,0,3.193,8,56,1024,CPU speed:3.193 Number of cores:8 Memory Size:56 Temp Disk Size:1024,Standard,,
Standard_H8M,8,112,2,1000,16,8000,0,0,3.193,8,112,1024,CPU speed:3.193 Number of cores:8 Memory Size:112 Temp Disk Size:1024,Standard,,
Standard_H16,16,112,4,2000,32,16000,0,0,3.193,16,112,2048,CPU speed:3.193 Number of cores:16 Memory Size:112 Temp Disk Size:2048,Standard,,
Standard_H16M,16,224,4,2000,32,16000,0,0,3.193,16,224,2048,CPU speed:3.193 Number of cores:16 Memory Size:224 Temp Disk Size:2048,Standard,,
Standard_H16R,16,112,4,2000,32,16000,0,0,3.193,16,112,2048,CPU speed:3.193 Number of cores:16 Memory Size:112 Temp Disk Size:2048,Standard,,
Standard_H16MR,16,224,4,2000,32,16000,0,0,3.193,16,224,2048,CPU speed:3.193 Number of cores:16 Memory Size:224 Temp Disk Size:2048,Standard,,
Standard_NV6,6,56,1,380,8,4000,0,0,2.597,6,56,380,CPU speed:2.597 Number of cores:6 Memory Size:56 Temp Disk Size:380,Standard,1,M60
Standard_NV12,12,112,1,680,16,8000,0,0,2.597,12,112,680,CPU speed:2.597 Number of cores:12 Memory Size:112 Temp Disk Size:680,Standard,2,M60
Standard_NV24,24,224,1,1440,32,16000,0,0,2.597,24,224,1440,CPU speed:2.597 Number of cores:24 Memory Size:224 Temp Disk Size:1440,Standard,4,M60
Standard_NC6,6,56,1,380,8,4000,0,0,2.597,6,56,380,CPU speed:2.597 Number of cores:6 Memory Size:56 Temp Disk Size:380,Standard,1,K80
Standard_NC12,12,112,1,680,16,8000,0,0,2.597,12,112,680,CPU speed:2.597 Number of cores:12 Memory Size:112 Temp Disk Size:680,Standard,2,K80
Standard_NC24,24,224,1,1440,32,16000,0,0,2.597,24,224,1440,CPU speed:2.597 Number of cores:24 Memory Size:224 Temp Disk Size:1440,Standard,4,K80
Standard_NC24R,24,224,1,1440,32,16000,0,0,2.597,24,224,1440,CPU speed:2.597 Number of cores:24 Memory Size:224 Temp Disk Size:1440,Standard,4,K80
Standard_A1_V2,1,2,1,10,2,1000,0,0,2.397,1,2,10,CPU speed:2.397 Number of cores:1 Memory Size:2 Temp Disk Size:10,Standard,,
Standard_A2_V2,2,4,2,20,4,2000,0,0,2.397,2,4,20,CPU speed:2.397 Number of cores:2 Memory Size:4 Temp Disk Size:20,Standard,,
Standard_A4_V2,4,8,4,40,8,4000,0,0,2.397,4,8,40,CPU speed:2.397 Number of cores:4 Memory Size:8 Temp Disk Size:40,Standard,,
Standard_A8_V2,8,16,8,80,16,8000,0,0,2.397,8,16,80,CPU speed:2.397 Number of cores:8 Memory Size:16 Temp Disk Size:80,Standard,,
Standard_A2M_V2,2,16,2,20,4,2000,0,0,2.397,2,16,20,CPU speed:2.397 Number of cores:2 Memory Size:16 Temp Disk Size:20,Standard,,
Standard_A4M_V2,4,32,4,40,8,4000,0,0,2.397,4,32,40,CPU speed:2.397 Number of cores:4 Memory Size:32 Temp Disk Size:40,Standard,,
Standard_A8M_V2,8,64,8,80,16,8000,0,0,2.397,8,64,80,CPU speed:2.397 Number of cores:8 Memory Size:64 Temp Disk Size:80,Standard,,
Standard_L4s,4,32,2,678,8,5000,125,0,1.995,4,32,678,CPU speed:1.995 Number of cores:4 Memory Size:32 Temp Disk Size:678,Premium,,
Standard_L8s,8,64,4,1388,16,10000,250,0,1.995,8,64,1388,CPU speed:1.995 Number of cores:8 Memory Size:64 Temp Disk Size:1388,Premium,,
Standard_L16s,16,128,8,2807,32,20000,500,0,1.995,16,128,2807,CPU speed:1.995 Number of cores:16 Memory Size:128 Temp Disk Size:2807,Premium,,
Standard_L32s,32,256,8,5630,64,40000,1000,0,1.995,32,256,5630,CPU speed:1.995 Number of cores:32 Memory Size:256 Temp Disk Size:5630,Premium,,